{"cameraMode":{"drawMode":0,"name":"Shaded","section":"Shading Mode"},"sceneLighting":false,"audioPlay":false,"sceneViewState":{"showFog":true,"showMaterialUpdate":false,"showSkybox":false,"showFlares":true,"showImageEffects":true,"showParticleSystems":true},"in2DMode":false,"pivot":{"x":-1.40968656539917,"y":0.3185253441333771,"z":-3.5455527305603029},"rotation":{"x":0.16503767669200898,"y":-0.1584358662366867,"z":0.026870431378483774,"w":0.9731079936027527},"size":0.4487319886684418,"orthographic":false}