{"cameraMode":{"drawMode":0,"name":"Shaded","section":"Shading Mode"},"sceneLighting":false,"audioPlay":false,"sceneViewState":{"showFog":true,"showMaterialUpdate":false,"showSkybox":false,"showFlares":true,"showImageEffects":true,"showParticleSystems":true},"in2DMode":false,"pivot":{"x":-1.4588526487350464,"y":0.02515530213713646,"z":-2.9677674770355226},"rotation":{"x":0.16503767669200898,"y":-0.1584358662366867,"z":0.026870431378483774,"w":0.9731079936027527},"size":0.39303794503211977,"orthographic":false}