{"cameraMode":{"drawMode":0,"name":"Shaded","section":"Shading Mode"},"sceneLighting":false,"audioPlay":false,"sceneViewState":{"showFog":true,"showMaterialUpdate":false,"showSkybox":false,"showFlares":true,"showImageEffects":true,"showParticleSystems":true},"in2DMode":false,"pivot":{"x":-4.316226005554199,"y":1.2305145263671876,"z":-8.571162223815918},"rotation":{"x":0.0008975034579634666,"y":0.05247766524553299,"z":-0.0000651151203783229,"w":0.9986364245414734},"size":3.9165101051330568,"orthographic":false}