{"cameraMode":{"drawMode":0,"name":"Shaded","section":"Shading Mode"},"sceneLighting":false,"audioPlay":false,"sceneViewState":{"showFog":true,"showMaterialUpdate":false,"showSkybox":false,"showFlares":true,"showImageEffects":true,"showParticleSystems":true},"in2DMode":false,"pivot":{"x":-12.52958869934082,"y":2.1870479583740236,"z":-7.4229044914245609},"rotation":{"x":0.3346887528896332,"y":0.025433551520109178,"z":-0.009057557210326195,"w":0.9419581890106201},"size":3.4654834270477297,"orthographic":false}